Chrom	Start	End	Ref_x	Tgt_x	Src_x	N(Variants)_x	DD.NEA_x	DD.DEN_x	Danc.NEA_x	Danc.DEN_x	Dplus.NEA_x	Dplus.DEN_x	df.NEA_x	df.DEN_x	fd.NEA_x	fd.DEN_x	U_x	Q_x	Ref_y	Tgt_y	Src_y	N(Variants)_y	DD.NEA_y	DD.DEN_y	Danc.NEA_y	Danc.DEN_y	Dplus.NEA_y	Dplus.DEN_y	df.NEA_y	df.DEN_y	fd.NEA_y	fd.DEN_y	U_y	Q_y
7	113320001	113360000	AFR+EAS	EUR	NEA,DEN	630	-2.679918504843954	-2.679918504843954	-0.1414366419225142	-0.1414366419225142	-0.0629941998064902	-0.0629941998064902	0.0501435454212381	0.0501435454212381	0.099131761867241	0.099131761867241	1.0	0.5029821073558648	AFR+EAS	EUR	NEA,DEN	630	-2.679918504843954	-2.679918504843954	-0.1414366419225142	-0.1414366419225142	-0.0629941998064902	-0.0629941998064902	0.0501435454212381	0.0501435454212381	0.099131761867241	0.099131761867241	1.0	0.5029821073558648
9	16680001	16720000	AFR+EAS	EUR	NEA,DEN	885	16.634632680109817	15.38029757960176	0.1288654090064857	0.1239345562742809	0.2437070071357947	0.2294448375160058	0.1929788956525126	0.1809724911312031	0.2211237864448694	0.3728697526671222	1.0	0.6282306163021869	AFR+EAS	EUR	NEA,DEN	885	16.634632680109817	15.38029757960176	0.1288654090064857	0.1239345562742809	0.2437070071357947	0.2294448375160058	0.1929788956525126	0.1809724911312031	0.2211237864448694	0.3728697526671222	1.0	0.6282306163021869
9	16720001	16760000	AFR+EAS	EUR	NEA,DEN	883	50.336218798321184	28.50445541039477	0.4661429313438109	0.2517207002714176	0.5355594148842489	0.2997645182760171	0.4527943101941861	0.230372419540518	0.6311300042451812	0.3512517768583696	2.0	0.6828528827037773	AFR+EAS	EUR	NEA,DEN	883	50.336218798321184	28.50445541039477	0.4661429313438109	0.2517207002714176	0.5355594148842489	0.2997645182760171	0.4527943101941861	0.230372419540518	0.6311300042451812	0.3512517768583696	2.0	0.6828528827037773
9	16760001	16800000	AFR+EAS	EUR	NEA,DEN	955	36.62857182303007	15.292232714822177	0.4060163041670239	0.1478259409417225	0.5232020313075446	0.2165751837050094	0.5802845719808947	0.2106413398534569	0.5647746562899345	0.2233129429734998	1.0	0.6988071570576541	AFR+EAS	EUR	NEA,DEN	955	36.62857182303007	15.292232714822177	0.4060163041670239	0.1478259409417225	0.5232020313075446	0.2165751837050094	0.5802845719808947	0.2106413398534569	0.5647746562899345	0.2233129429734998	1.0	0.6988071570576541
